INSERT INTO Ciudad VALUES ('12345', 'Madrid', 'Madrid', '28001');
INSERT INTO Ciudad VALUES ('23456', 'Barcelona', 'Cataluna', '08001');
INSERT INTO Ciudad VALUES ('34567', 'Valencia', 'Comunidad Valenciana', '46001');
INSERT INTO Ciudad VALUES ('45678', 'Sevilla', 'Andalucia', '41004');
INSERT INTO Ciudad VALUES ('56789', 'Zaragoza', 'Aragon', '50003');
INSERT INTO Ciudad VALUES ('67890', 'Malaga', 'Andalucia', '29001');
INSERT INTO Ciudad VALUES ('78901', 'Bilbao', 'Pais Vasco', '48001');
INSERT INTO Ciudad VALUES ('89012', 'Murcia', 'Region De Murcia', '30002');

INSERT INTO Parque VALUES ('10000', 'Calle Falsa', '123', 100, '12345','Parque Central');
INSERT INTO Parque VALUES ('10001', 'Calle Verde', '456', 200, '23456','Jardin Botanico');
INSERT INTO Parque VALUES ('10002', 'Calle Azul', '789', 300, '34567','Parque Del Lago');
INSERT INTO Parque VALUES ('10003', 'Calle Roja', '654', 400, '45678','Parque De Las Aves');
INSERT INTO Parque VALUES ('10004', 'Calle Blanca', '321', 500, '56789','Parque De Las Flores');
INSERT INTO Parque VALUES ('10005', 'Calle Negra', '741', 600, '67890','Parque De La Montana');
INSERT INTO Parque VALUES ('10006', 'Calle Amarilla', '852', 700, '78901','Parque De Los Juegos');
INSERT INTO Parque VALUES ('10007', 'Calle Morada', '963', 800, '89012','Parque Natural');

INSERT INTO Remolque VALUES ('1234ABC', 'FORD', 11000, '10000');
INSERT INTO Remolque VALUES ('2345BCD', 'TOYOTA', 11500, '10001');
INSERT INTO Remolque VALUES ('3456CDE', 'CHEVROLET', 11300, '10002');
INSERT INTO Remolque VALUES ('4567DEF', 'RAM', 11500, '10003');
INSERT INTO Remolque VALUES ('5678EFG', 'DODGE', 11750, '10004');
INSERT INTO Remolque VALUES ('6789FGH', 'JEEP', 11700, '10005');
INSERT INTO Remolque VALUES ('7890GHI', 'FORD', 11900, '10006');
INSERT INTO Remolque VALUES ('8901HIJ', 'TOYOTA', 11950, '10007');

INSERT INTO Remolque VALUES ('9012IJK', 'CHEVROLET', 11000, '10000');
INSERT INTO Remolque VALUES ('0123JKL', 'RAM', 11500, '10001');
INSERT INTO Remolque VALUES ('1234KLM', 'DODGE', 12500, '10002');
INSERT INTO Remolque VALUES ('2345LMN', 'JEEP', 11600, '10003');
INSERT INTO Remolque VALUES ('3456MNO', 'FORD', 11800, '10004');
INSERT INTO Remolque VALUES ('4567NOP', 'TOYOTA', 15780, '10005');
INSERT INTO Remolque VALUES ('5678OPQ', 'CHEVROLET', 11000, '10006');
INSERT INTO Remolque VALUES ('6789PQR', 'RAM', 11400, '10007');

INSERT INTO Remolque VALUES ('9524CFD', 'FORD', 11000, '10000');
INSERT INTO Remolque VALUES ('9524ASF', 'TOYOTA', 10500.00, '10001');
INSERT INTO Remolque VALUES ('7845OTN', 'CHEVROLET', 11300, '10002');
INSERT INTO Remolque VALUES ('2514BGF', 'RAM', 11500, '10003');
INSERT INTO Remolque VALUES ('7832KBE', 'DODGE', 10700.00, '10004');
INSERT INTO Remolque VALUES ('4801DVF', 'JEEP', 11700, '10005');
INSERT INTO Remolque VALUES ('8468UTT', 'FORD', 11900, '10006');
INSERT INTO Remolque VALUES ('0034IBF', 'TOYOTA', 10800.00, '10007');


INSERT INTO Remolque_Cisterna VALUES ('1234ABC', 15000, 'NO PELIGROSO');
INSERT INTO Remolque_Cisterna VALUES ('2345BCD', 8000, 'PELIGROSO');
INSERT INTO Remolque_Cisterna VALUES ('3456CDE', 12000, 'NO PELIGROSO');
INSERT INTO Remolque_Cisterna VALUES ('4567DEF', 9000, 'PELIGROSO');
INSERT INTO Remolque_Cisterna VALUES ('5678EFG', 16000, 'NO PELIGROSO');
INSERT INTO Remolque_Cisterna VALUES ('6789FGH', 18000, 'PELIGROSO');
INSERT INTO Remolque_Cisterna VALUES ('7890GHI', 12000, 'NO PELIGROSO');
INSERT INTO Remolque_Cisterna VALUES ('8901HIJ', 19000, 'PELIGROSO');

INSERT INTO Remolque_Frigorifico VALUES ('9012IJK', 5000, -20);
INSERT INTO Remolque_Frigorifico VALUES ('0123JKL', 7000, -15);
INSERT INTO Remolque_Frigorifico VALUES ('1234KLM', 6000, -10);
INSERT INTO Remolque_Frigorifico VALUES ('2345LMN', 8000, -25);
INSERT INTO Remolque_Frigorifico VALUES ('3456MNO', 6000, -18);
INSERT INTO Remolque_Frigorifico VALUES ('4567NOP', 7000, -12);
INSERT INTO Remolque_Frigorifico VALUES ('5678OPQ', 8000, -22);
INSERT INTO Remolque_Frigorifico VALUES ('6789PQR', 6000, 5);

INSERT INTO Remolque_Normal VALUES ('9524CFD', 20000);
INSERT INTO Remolque_Normal VALUES ('9524ASF', 18000);
INSERT INTO Remolque_Normal VALUES ('7845OTN', 20000);
INSERT INTO Remolque_Normal VALUES ('2514BGF', 19000);
INSERT INTO Remolque_Normal VALUES ('7832KBE', 20000);
INSERT INTO Remolque_Normal VALUES ('4801DVF', 17000);
INSERT INTO Remolque_Normal VALUES ('8468UTT', 20000);
INSERT INTO Remolque_Normal VALUES ('0034IBF', 18500);